AMOGH KATWE
DBMS: Oracle


insert into Customer VALUES
('FedEx','Ohio', 1111111111);

insert into Customer VALUES
('Bluedart','Boston',2222222222);

insert into CUSTOMER VALUES
('Target','Waltham',3333333333);

insert into CUSTOMER VALUES
('Myntra','Bangalore',4444444444);

insert into CUSTOMER VALUES
('Flipkart','Mumbai', 5555555555);

insert into CUSTOMER VALUES
('Walmart','Chicago',666666666);

insert into CUSTOMER VALUES
('Radioshack','Dublin',7777777777);

insert into CUSTOMER VALUES
('Amazon','Houston',8888888888);

insert into CUSTOMER VALUES
('Bestbuy','San jose',9999999999);

insert into CUSTOMER VALUES
('Celio','Dallas', 0000000000);



insert into USOrder VALUES (1,'31-JAN-2016',10,'FedEx');
insert into USOrder VALUES (2,'02-FEB-2016',20,'Bluedart');
insert into USOrder VALUES (3,'03-MAR-2016',30,'Target');
insert into USOrder VALUES (4,'08-FEB-2016',40,'Myntra');
insert into USOrder VALUES (5,'05-APR-2016',50,'Flipkart');
insert into USOrder VALUES (6,'05-APR-2016',60,'Walmart');
insert into USOrder VALUES (7,'05-MAR-2016',70,'Radioshack');
insert into USOrder VALUES (8,'02-FEB-2016',80,'Amazon');
insert into USOrder VALUES (9,'01-JAN-2016',90,'Bestbuy');
insert into USOrder VALUES (10,'01-FEB-2016',100,'Celio');



INSERT INTO BRANCH VALUES ('FedExoffice',11,'Houston',1111122222, 'FedEx');
INSERT INTO BRANCH VALUES('Bluedartoffice',22,'Dallas',1111133333,'Bluedart');
INSERT INTO BRANCH VALUES('Targetoffice',33,'Cambridge',1111144444,'Target');
INSERT INTO BRANCH VALUES('Myntraoffice',44,'Bangalore',1111155555,'Myntra');
INSERT INTO BRANCH VALUES('Flipkartoffice',55,'Mumbai',1111166666,'Flipkart');
INSERT INTO BRANCH VALUES('Walmartoffice',66,'Chicagi',1111177777,'Walmart');
INSERT INTO BRANCH VALUES('Radioshackoffice',77,'Newyork',1111188888,'Radioshack');
INSERT INTO BRANCH VALUES('Amazonoffice',88,'Ohio',1111199999,'Amazon');
INSERT INTO BRANCH VALUES('Bestbuyoffice',99,'San jose',2222211111,'Bestbuy');
INSERT INTO BRANCH VALUES('Celiooffice',111,'Dallas',2222222222,'Celio');




INSERT INTO SUBORDER VALUES(1,11,'01-JAN-2016','02-FEB-2016','Fedexoffice');
INSERT INTO SUBORDER VALUES(2,22,'02-JAN-2016','01-JAN-2014','Bluedartoffice');
INSERT INTO SUBORDER VALUES(3,33,'02-FEB-2016','03-FEB-2016','Targetoffice');
INSERT INTO SUBORDER VALUES(4,44,'02-JAN-2016','03-FEB-2016','Myntraoffice');
INSERT INTO SUBORDER VALUES(5,55,'26-JAN-2016','26-JAN-2015','Flipkartoffice');
INSERT INTO SUBORDER VALUES(6,66,'31-JAN-2016','01-FEB-2016','Walmartoffice');
INSERT INTO SUBORDER VALUES(7,77,'05-MAR-2016','06-APR-2016','Radioshackoffice');
INSERT INTO SUBORDER VALUES(8,88,'26-JAN-2016','06-APR-2016','Amazonoffice');
INSERT INTO SUBORDER VALUES(9,99,'01-JAN-2016','05-MAR-2016','Bestbuyoffice');
INSERT INTO SUBORDER VALUES(10,101,'24-FEB-2016','01-MAR-2015','Celiooffice');



INSERT INTO USEmployee VALUES(111,'Gary','Boston','01-JAN-2016','M',380);
INSERT INTO USEmployee VALUES(222,'Radhika','Dallas','02-JAN-2016','F',210);
INSERT INTO USEmployee VALUES(333,'Shreeya','Bangalore','03-JAN-2016','F',230);
INSERT INTO USEmployee VALUES(444,'Anup','Chicagi','04-JAN-2016','M',100);
INSERT INTO USEmployee VALUES(555,'Johnny','Ohio','05-JAN-2016','M',222);
INSERT INTO USEmployee VALUES(666,'Aniket','India','06-JAN-2012','M',100);
INSERT INTO USEmployee VALUES(777,'Paul','San jose','01-JAN-1990','M',300);
INSERT INTO USEmployee VALUES(888,'Tejal','Belgaum','01-FEB-2016','F',304);
INSERT INTO USEmployee VALUES(999,'Tanvi','Belgaum','01-MAR-2016','F',210);
INSERT INTO USEmployee VALUES(1000,'Gourish','India','02-MAR-1992','M',380);



INSERT INTO HANDLES VALUES(111,1);
INSERT INTO HANDLES VALUES(222,2);
INSERT INTO HANDLES VALUES(333,3);
INSERT INTO HANDLES VALUES(444,4);
INSERT INTO HANDLES VALUES(555,5);
INSERT INTO HANDLES VALUES(666,6);
INSERT INTO HANDLES VALUES(777,7);
INSERT INTO HANDLES VALUES(888,8);
INSERT INTO HANDLES VALUES(999,9);
INSERT INTO HANDLES VALUES(1000,10);


INSERT INTO PAPER VALUES(40,5,2,4);
INSERT INTO PAPER VALUES(41,3,3,6);
INSERT INTO PAPER VALUES(42,1,5,3);
INSERT INTO PAPER VALUES(43,7,2,1);
INSERT INTO PAPER VALUES(44,4,7,6);
INSERT INTO PAPER VALUES(45,3,5,2);
INSERT INTO PAPER VALUES(46,3,2,4);
INSERT INTO PAPER VALUES(47,9,4,5);
INSERT INTO PAPER VALUES(48,2,5,8);
INSERT INTO PAPER VALUES(49,3,2,5);

INSERT INTO OrderItem VALUES(1,11,40,5);
INSERT INTO OrderItem VALUES(2,22,41,4);
INSERT INTO OrderItem VALUES(3,33,42,2);
INSERT INTO OrderItem VALUES(4,44,43,3);
INSERT INTO OrderItem VALUES(5,55,44,7);
INSERT INTO OrderItem VALUES(6,66,45,1);
INSERT INTO OrderItem VALUES(7,77,46,2);
INSERT INTO OrderItem VALUES(8,88,47,5);
INSERT INTO OrderItem VALUES(9,99,48,2);
INSERT INTO OrderItem VALUES(10,101,49,9);
